{
  "K": 10000,
  "vae": {
    "mse_per_pixel": 0.040692815196757416,
    "mean_ess": 1.0521341285705565
  },
  "em": {
    "mse_per_pixel": 0.04453591031444316,
    "mean_ess": 1.0688105392456055
  }
}