{
  "K": 10000,
  "log_p_x_vae": 957.8743359375,
  "log_p_x_em": 975.66153515625,
  "delta_em_minus_vae": 17.78719921875006
}